Nombre,Enlace,Estado
Boletín EpiChubut SE 38 2023,https://drive.google.com/file/d/1nUgIUev1hsPqLMh_rVTs-dEYa2ShO1Gm/view,Exitoso
Boletín EpiChubut SE21 2023,https://drive.google.com/file/d/1ZDy72RwZEsNxb2DQRqUUDgVXIkIUDHpQ/view,Fallido
Boletín EpiChubut SE19 2023,https://drive.google.com/file/d/1-3pepHe4wgGMWSLRSizA5rxe7lEe3bJB/view,Fallido
Circular Enfermedad Febril Exantemática SE 41,https://drive.google.com/file/d/1W15z-W73MA6P2ygOvy4FniOgnRf4qHca/view,Exitoso
Boletín EpiChubut SE 41 2023,https://drive.google.com/file/d/1wTbEvMm192tV69N55-vS3wU4qUY_ht_L/view,Exitoso
Boletín EpiChubut SE22 2023,https://drive.google.com/file/d/1QBkOsgZwLMO5S8-d6vPLEK_sUr2wjgSJ/view,Exitoso
Guia Infecciones Respiratorias Agudas actualización 2023,https://drive.google.com/file/d/18ta5ewG1IeVmi1dAa3DZh83W5gryXfmW/view,Exitoso
Boletín EpiChubut SE 40 2023,https://drive.google.com/file/d/1JpwWfMer3h1D4ahBhwT51H1pzbZ6Pqcm/view,Exitoso
"Guía para la Vigilancia, prevención y control de IRAS - 2023",https://drive.google.com/file/d/1Cj7sQL76lJFyyIoulLYEjq7sjp-cow1x/view,Exitoso
Boletín EpiChubut SE17 2023,https://drive.google.com/file/d/18A0LKjTwAm82kEaS5CZIlnAqlhZF9qCb/view,Fallido
Boletín EpiChubut SE26 2023,https://drive.google.com/file/d/1gj10QbaDrJnqSNmJUULLegpEXQuC2n6x/view,Exitoso
Boletín EpiChubut SE32 2023,https://drive.google.com/file/d/1TbLVeV8aQEPZsWmh2rJp0fG0Jr3uHL9Z/view,Fallido
Boletín EpiChubut SE33 2023,https://drive.google.com/file/d/1bWEloPBE0Gght7Z_MsUv_ujCArlc2QxZ/view,Exitoso
Boletín EpiChubut SE34 2023,https://drive.google.com/file/d/1cPgTbZwFT233AM4XXTeQSn9k0De-PpZt/view,Exitoso
Boletín EpiChubut SE37 2023,https://drive.google.com/file/d/1YlWN-S2oysVrsx2Shln5mt6QenMqZd92/view,Exitoso
Boletín EpiChubut SE 43 2023,https://drive.google.com/file/d/106hqNYuvc4Jpi3VDFlAGkuhG6jHCDe0f/view,Exitoso
Boletín EpiChubut SE 46 2023,https://drive.google.com/file/d/1i6x85Do7rnieGeZlMx2GDUSTbGDVpn3l/view,Fallido
Boletín EpiChubut SE 45 2023,https://drive.google.com/file/d/1uaaed1lBfUpPxk2hoLaI_j-po8FEXalk/view,Fallido
Boletín EpiChubut SE 47 2023,https://drive.google.com/file/d/1f_F1jr6kWwL5Jq2dCIyf5iI88fKhWBHj/view,Fallido
Boletín EpiChubut SE 51 2023,https://drive.google.com/file/d/1JZwrCld6EqEFekonBE4osl8B41GuOeU_/view,Fallido
Boletín EpiChubut SE 50 2023,https://drive.google.com/file/d/1iX2vu7RFq3JqE7XbyPFDtqaucdAOaRu1/view,Fallido
Boletiìn Epi Chubut publicación SE 52.2023,https://drive.google.com/file/d/13P6RYSWW14eEk-7w5ldbO0MXS7Bp1qV0/view,Exitoso
Boletiìn Epi Chubut publicación SE 1. 2024,https://drive.google.com/file/d/1UopILhQbgnaPgyiFL4ZLVRTEuJ1sPuJ3/view,Exitoso
Boletiìn Epi Chubut publicación SE 2. 2024,https://drive.google.com/file/d/1oWiKvj850Q9dHdyg2dZtHHk04Sn9YUrJ/view,Exitoso
Boletiìn Epi Chubut publicación SE 3. 2024,https://drive.google.com/file/d/1tBzAVoVyf1psXcVLiISiF4xWrP6VAGBa/view,Exitoso
Boletiìn Epi Chubut publicación SE 4. 2024,https://drive.google.com/file/d/1f6g_O-0pAfu43rV95XiXNjn1Q8IFupVw/view,Exitoso
Boletiìn Epi Chubut publicación SE 5. 2024,https://dhttps://drive.google.com/file/d/1hJZQy7_X3V64Q8nDogyyAgokA8TqMJH8/viewrive.google.com/file/d/1hJZQy7_X3V64Q8nDogyyAgokA8TqMJH8/view,Exitoso
Boletiìn Epi Chubut publicación SE 6. 2024,https://drive.google.com/file/d/1gE9xzxPXU2I6PvMEEknsOjJsJRbH8Vbc/view,Exitoso
Boletiìn Epi Chubut publicación SE 7. 2024,https://drive.google.com/file/d/1sujQObkONhiJKGBVwiQwp_3PEgSZsf8A/view,Exitoso
Boletiìn Epi Chubut publicación SE 8. 2024,https://drive.google.com/file/d/1xRzA3IYRXHp_e9Ycj4Y9Sn-89otPuXuC/view,Exitoso
Boletiìn Epi Chubut publicación SE 9. 2024,https://drive.google.com/file/d/1FYGBbx2JlccbNiUznKuTiuZcl96es2K3/view,Exitoso
Circular Vigilancia SE 10 Encefalitis Equina del Oeste (EEO),https://drive.google.com/file/d/1dyU3Xz6kBd3QT-OHuAvrA75ZgvRFR6p3/view,Exitoso
Boletín Epi Chubut publicación SE 11. 2024,https://drive.google.com/file/d/1mUbc6vjwtY3GzuIz_SbqwSmqn1V3t2ND/view,Exitoso
Boletín Epi Chubut publicación SE 12. 2024,https://drive.google.com/file/d/1Yga0a-sfCBchr8fRSmPxIcTsapDonXlo/view,Exitoso
Boletín Epi Chubut publicación SE 14. 2024,https://drive.google.com/file/d/1HRucEEWVGd8NJGuvhXZAkmb6vjZIkgRn/view,Exitoso
Informe Final Brote Hantavirus 2018-2019,https://drive.google.com/file/d/1wV_Mpughui_evKCIfGJkHmQYGUPNsw11/view,Exitoso
Circular Abordaje Dengue SE 14,https://drive.google.com/file/d/1H3mvookDYo5CTmh4ewjfqICm-JPA8bp5/view,Exitoso
Boletín Epi Chubut publicación SE 15. 2024,https://drive.google.com/file/d/1yW5Ca3PbSmK6atzaGqbnmOjOF9NqOxrk/view,Exitoso
Boletín Epi Chubut publicación SE 16. 2024,https://drive.google.com/file/d/1s6tK9NzaS9QpKn8C790Cd5GIPqKLWXpx/view,Exitoso
Boletín Epi Chubut publicación SE 17. 2024,https://drive.google.com/file/d/1ENdfNRI1HKve-khQN19_FapNf9npa5v-/view,Exitoso
Normativa Provincial Hantavirus,https://drive.google.com/file/d/1OAafJkkN2WAdeduPRBcmaQtEachJvVA9/view,Exitoso
Programa Provincial Hantavirus,https://drive.google.com/file/d/14Mtl_5CStwmVvKwRc0gGrsf-zD2wQMPQ/view,Exitoso
Boletín Epi Chubut publicación SE 18. 2024,https://drive.google.com/file/d/1a50faeg5LpCYSCK9jNYbMBpVRBJHCMg6/view,Exitoso
Boletín Epi Chubut publicación SE 19. 2024,https://drive.google.com/file/d/1vY9s3HlR8O5sr0fPLrKFs16IC-jtYtvs/view,Exitoso
Boletín Epi Chubut publicación SE 20. 2024,https://drive.google.com/file/d/1AMNte8N_QNjsVZcZ83_FJMVXLhyylveB/view,Exitoso
Boletín Epi Chubut publicación SE 21. 2024,https://drive.google.com/file/d/13zvjuvukk3NxI7yKMb7HPKlnPjIrNl_1/view,Exitoso
Boletín Epi Chubut publicación SE 23. 2024,https://drive.google.com/file/d/1xRzA3IYRXHp_e9Ycj4Y9Sn-89otPuXuC/view,Fallido
Estrategias Vigilancia Virus respiratorios Año 2024 SE 21,https://drive.google.com/file/d/1G1H8vlWVPrrCYNPbD-W7w2DEpHhEx4qH/view,Fallido
Boletín Epidemiológico provincial Año 2024 SE 26,https://drive.google.com/file/d/16CD7aw-Plym__Qn_W_hTC69ULA6upTdx/view,Fallido
Informe anual de Tuberculosis en Chubut -Año 2023 (Publicación 2024),https://drive.google.com/file/d/1ete7aOwq2JeakwF_Q1yzu5QQJSaPV3_B/view,Fallido
Boletin EpiChubut SE28-2024,https://drive.google.com/file/d/1OySC5-OdtCfn2MmEo79kkm1g-Rqk1kb8/view?usp=sharing,Fallido
Boletín provincial hepatitis virales pub 2024,https://drive.google.com/file/d/1C10xoLY7-vSrTNxYBoiMtMDGLnjNaxCN/view,Fallido
Boletin EpiChubut SE31-2024,https://drive.google.com/file/d/1mJPvXpeA1Wida8haq4q-ReRDDCmSlGCV/view,Fallido
Boletin EpiChubut SE32-2024,https://drive.google.com/file/d/1TkO_80wTfTq42nSvnoM-iglf2tbedrGQ/view,Fallido
Circular Vigilancia SE 33 Mpox (Viruela símica),https://drive.google.com/file/d/1yVCHeAFk5MMT6sIpO6463CYccDj1FWBx/view,Fallido
Boletin EpiChubut SE33-2024,https://drive.google.com/file/d/1CljvgogwAoRhg-M72KKSxPOLh9oUPqRF/view,Fallido
Boletin EpiChubut SE34-2024,https://drive.google.com/file/d/1DRr9Uy7J7lNbGkARMIcfZOHtqeic_sKf/view,Fallido
Boletin EpiChubut SE35-2024,https://drive.google.com/file/d/126YFmCNZ51JjBkKSB5wKeMSUkKYxhLeH/view,Fallido
Boletin EpiChubut SE36-2024,https://drive.google.com/file/d/1ld_D7rrZXTFWmDiLZpRpHVLFCdOUlvHt/view,Fallido
Boletin EpiChubut SE37-2024,https://drive.google.com/file/d/1KOnn7-hJMwGh4r_hYIA3xU5k1DrJf_qd/view,Fallido
Boletin EpiChubut SE39-2024,https://drive.google.com/file/d/1ak6DIF13xIPAbxpu7N4u_6LdKC_drQyo/view,Fallido
Boletin EpiChubut SE40-2024,https://drive.google.com/file/d/1b6D5yZAufyencwRmNjUduFbcdvPF5zrq/view,Fallido
Boletin EpiChubut SE42-2024,https://drive.google.com/file/d/1Sne8JhCX0blZloZ1slIRzWriqcapMMUL/view,Fallido
Boletin EpiChubut SE44-2024,https://drive.google.com/file/d/1ZveACFUkqqW_qLyTZYaN7C5_zrOZflhh/view,Fallido
Boletin EpiChubut SE45-2024,https://drive.google.com/file/d/1DYTp2yky3ySbvEWc3_VOGuKofD5CfI7W/view,Fallido
Circular Dengue SE 45,https://drive.google.com/file/d/1aHf8bn7ZMCjL2c1BjrbSt6YlQsZo5xWh/view,Fallido
Boletin EpiChubut SE46-2024,https://drive.google.com/file/d/1TGaKUo7gxFyMMYfYqO5rlWqGPLjXB_jS/view,Fallido
Boletin EpiChubut SE47-2024,https://drive.google.com/file/d/19TV0_F1GCoXkwvNbHiTKQhlKS7GlSwRv/view,Fallido
Boletin EpiChubut SE48-2024,https://drive.google.com/file/d/13Bs4gyDVbLnfbi7EVOtL6K7bqBTXR9CR/view,Fallido
Boletin EpiChubut SE49-2024,https://drive.google.com/file/d/18N7Hej8ELTxX3n_LL-VwrTC-OAwaDLy3/view,Fallido
Boletin EpiChubut SE50-2024,https://drive.google.com/file/d/1TtrtMItZCyfiYYePxnLdzso9-gesG8Z-/view,Fallido
Boletín epidemiológico Provincial VIH 2024,https://drive.google.com/file/d/1TLKj9I7DvHoOl8L-wEZg2p1WsjuIGDQQ/view,Fallido
Sala de Situación Provincia del Chubut. Año 2023.,https://drive.google.com/file/d/1zi3VNjm_Z7gvutSOXgJF2xaj8GAi0KzT/view,Fallido
Boletin EpiChubut SE51-2024,https://drive.google.com/file/d/1jZAfbpbDldwgLJ_LEoyPO9vha1MEwNRk/view,Fallido
Boletin EpiChubut SE1-2025,https://drive.google.com/file/d/1Wg5eP3_BS1uM0feqkxiWgDMmqqBsZI1y/view,Fallido
Boletin EpiChubut SE2-2025,https://drive.google.com/file/d/1FEbr30LjMW65qfLSF8WbtxCEkv6g3mxR/view,Fallido
Boletin EpiChubut SE3-2025,https://drive.google.com/file/d/1pz2THhVse6JXq8VeV7stJNLneLEg42Q8/view,Fallido
Boletin EpiChubut SE4-2025,https://drive.google.com/file/d/1cH2Fb7KMSFO2dtw9s2gwcRMBkqGDlRJN/view,Fallido
Boletin EpiChubut SE5-2025,https://drive.google.com/file/d/1MUm_TGJMrn3jQz0z85uEc86mEk-0foPP/view,Fallido
Boletín EpiChubut SE6-2025,https://drive.google.com/file/d/1y5co_0gpjmxaWRecBXJMRqBGB0O2rp8u/view,Fallido
Boletin EpiChubut SE7-2025,https://drive.google.com/file/d/1FtMTDGOS3v6aT7PwRSwLsSyPSxOC60EU/view,Fallido
Boletín EpiChubut SE8-2025,https://drive.google.com/file/d/1dqLDWTUdQQ81fqbD6shDniChdGiY1k4c/view,Fallido
Circular vigilancia SE 09 AÑO 2025,https://drive.google.com/file/d/1uqHxnIKvYJI7p9aNWJWdH-zG7QP3kEm6/view,Fallido
INFORME 1er SEMESTRE 2024: Enfermedades No Transmisibles,https://drive.google.com/file/d/1X0_JDENRgqjD2yv5BOohyqf3aCVSHgDA/view,Fallido
Análisis de Situación epidemiológica de enfermedades no transmisibles Dirección Provincial de Epidemiología,https://drive.google.com/file/d/16YuvfvTuNygUjDzGY8pxe15UoLvJhX0o/view,Fallido
Boletin EpiChubut SE9-2025,https://drive.google.com/file/d/15f5Mv7BOJNKMYggqh5is3jepqvw79jy4/view,Fallido
Boletin EpiChubut SE10-2025,https://drive.google.com/file/d/1y7yQFiDWY9kQaISKcvI4hNHgIUsFvAZd/view,Fallido
Boletin EpiChubut SE11-2025,https://drive.google.com/file/d/1udjSIwR4oe2fhk6XO-a-cVANds2_vMJN/view,Fallido
